gpu,sm,cuda_runtime,batch,query_heads,kv_heads,head_dim,context,page_size,splits,single_us,split_us,speedup,max_abs_diff,kv_mib
"NVIDIA RTX PRO 5000 Blackwell",12.0,12080,1,32,8,128,256,16,1,94.285,94.285,1.000,0.00000000e+00,1.438
"NVIDIA RTX PRO 5000 Blackwell",12.0,12080,1,32,8,128,1024,16,8,368.162,53.224,6.917,8.19563866e-08,4.438
"NVIDIA RTX PRO 5000 Blackwell",12.0,12080,1,32,8,128,4096,16,16,1462.422,100.331,14.576,7.45058060e-08,16.438
"NVIDIA RTX PRO 5000 Blackwell",12.0,12080,1,32,8,128,8192,16,16,2673.555,176.386,15.157,7.63684511e-08,32.438
"NVIDIA RTX PRO 5000 Blackwell",12.0,12080,4,32,8,128,256,16,1,85.944,85.944,1.000,0.00000000e+00,3.688
"NVIDIA RTX PRO 5000 Blackwell",12.0,12080,4,32,8,128,1024,16,8,332.126,49.296,6.737,1.11758709e-07,13.438
"NVIDIA RTX PRO 5000 Blackwell",12.0,12080,4,32,8,128,4096,16,8,1322.896,179.352,7.376,9.31322575e-08,52.438
"NVIDIA RTX PRO 5000 Blackwell",12.0,12080,4,32,8,128,8192,16,8,4231.495,543.026,7.792,1.06170774e-07,104.438
"NVIDIA RTX PRO 5000 Blackwell",12.0,12080,16,32,8,128,256,16,1,85.138,85.138,1.000,0.00000000e+00,13.438
"NVIDIA RTX PRO 5000 Blackwell",12.0,12080,16,32,8,128,1024,16,2,332.534,177.586,1.873,1.41561031e-07,52.438
"NVIDIA RTX PRO 5000 Blackwell",12.0,12080,16,32,8,128,4096,16,2,2127.301,1086.731,1.958,1.06170774e-07,208.438
"NVIDIA RTX PRO 5000 Blackwell",12.0,12080,16,32,8,128,8192,16,2,4241.742,2163.424,1.961,9.87201929e-08,416.438
"NVIDIA RTX PRO 5000 Blackwell",12.0,12080,32,32,8,128,256,16,1,88.619,88.619,1.000,0.00000000e+00,26.438
"NVIDIA RTX PRO 5000 Blackwell",12.0,12080,32,32,8,128,1024,16,1,539.006,539.006,1.000,0.00000000e+00,104.438
"NVIDIA RTX PRO 5000 Blackwell",12.0,12080,32,32,8,128,4096,16,1,2155.965,2155.965,1.000,0.00000000e+00,416.438
"NVIDIA RTX PRO 5000 Blackwell",12.0,12080,32,32,8,128,8192,16,1,4317.491,4317.491,1.000,0.00000000e+00,832.438
