gpu,sm,cuda_runtime,requests,tree_nodes,prefix_tokens,query_heads,kv_heads,head_dim,page_size,tree_us,expanded_us,latency_ratio,max_abs_diff,shared_kv_mib,expanded_kv_mib,memory_saving_pct
"NVIDIA RTX PRO 5000 Blackwell",12.0,12080,1,7,256,32,8,128,16,92.234,94.758,1.027,1.49011612e-08,1.027,7.438,86.187
"NVIDIA RTX PRO 5000 Blackwell",12.0,12080,1,7,1024,32,8,128,16,360.589,368.781,1.023,7.45058060e-09,4.027,28.438,85.838
"NVIDIA RTX PRO 5000 Blackwell",12.0,12080,1,7,2048,32,8,128,16,714.114,675.890,0.946,3.72529030e-09,8.027,56.438,85.777
"NVIDIA RTX PRO 5000 Blackwell",12.0,12080,4,7,256,32,8,128,16,88.104,90.158,1.023,2.23517418e-08,1.109,29.750,96.271
"NVIDIA RTX PRO 5000 Blackwell",12.0,12080,4,7,1024,32,8,128,16,338.944,543.430,1.603,1.11758709e-08,4.109,113.750,96.387
"NVIDIA RTX PRO 5000 Blackwell",12.0,12080,4,7,2048,32,8,128,16,674.872,1079.765,1.600,7.45058060e-09,8.109,225.750,96.408
"NVIDIA RTX PRO 5000 Blackwell",12.0,12080,8,7,256,32,8,128,16,94.283,96.410,1.023,2.23517418e-08,1.219,59.500,97.952
"NVIDIA RTX PRO 5000 Blackwell",12.0,12080,8,7,1024,32,8,128,16,365.245,564.456,1.545,7.45058060e-09,4.219,227.500,98.146
"NVIDIA RTX PRO 5000 Blackwell",12.0,12080,8,7,2048,32,8,128,16,725.184,1121.442,1.546,5.58793545e-09,8.219,451.500,98.180
